﻿{
	"bookID": 1001,
	"bookName": "X11 Color Names",
	"colorNamePrefix": "X11 ",
	"colorNameSuffix": "",
	"bookDescription": "",
	"colorsPerPage": 9,
	"keyColorPage": 8,
	"colorSpace": "RGB",
	"colors":
	[
		{
			"colorName": "Alice Blue",
			"colorKey": "X11000",
			"components":
			[
				240,
				248,
				255
			]
		},
		{
			"colorName": "Antique White",
			"colorKey": "X11001",
			"components":
			[
				250,
				235,
				215
			]
		},
		{
			"colorName": "Antique White 1",
			"colorKey": "X11002",
			"components":
			[
				255,
				239,
				219
			]
		},
		{
			"colorName": "Antique White 2",
			"colorKey": "X11003",
			"components":
			[
				238,
				223,
				204
			]
		},
		{
			"colorName": "Antique White 3",
			"colorKey": "X11004",
			"components":
			[
				205,
				192,
				176
			]
		},
		{
			"colorName": "Antique White 4",
			"colorKey": "X11005",
			"components":
			[
				139,
				131,
				120
			]
		},
		{
			"colorName": "Aquamarine",
			"colorKey": "X11006",
			"components":
			[
				127,
				255,
				212
			]
		},
		{
			"colorName": "Aquamarine 1",
			"colorKey": "X11007",
			"components":
			[
				127,
				255,
				212
			]
		},
		{
			"colorName": "Aquamarine 2",
			"colorKey": "X11008",
			"components":
			[
				118,
				238,
				198
			]
		},
		{
			"colorName": "Aquamarine 3",
			"colorKey": "X11009",
			"components":
			[
				102,
				205,
				170
			]
		},
		{
			"colorName": "Aquamarine 4",
			"colorKey": "X11010",
			"components":
			[
				69,
				139,
				116
			]
		},
		{
			"colorName": "Azure",
			"colorKey": "X11011",
			"components":
			[
				240,
				255,
				255
			]
		},
		{
			"colorName": "Azure 1",
			"colorKey": "X11012",
			"components":
			[
				240,
				255,
				255
			]
		},
		{
			"colorName": "Azure 2",
			"colorKey": "X11013",
			"components":
			[
				224,
				238,
				238
			]
		},
		{
			"colorName": "Azure 3",
			"colorKey": "X11014",
			"components":
			[
				193,
				205,
				205
			]
		},
		{
			"colorName": "Azure 4",
			"colorKey": "X11015",
			"components":
			[
				131,
				139,
				139
			]
		},
		{
			"colorName": "Beige",
			"colorKey": "X11016",
			"components":
			[
				245,
				245,
				220
			]
		},
		{
			"colorName": "Bisque",
			"colorKey": "X11017",
			"components":
			[
				255,
				228,
				196
			]
		},
		{
			"colorName": "Bisque 1",
			"colorKey": "X11018",
			"components":
			[
				255,
				228,
				196
			]
		},
		{
			"colorName": "Bisque 2",
			"colorKey": "X11019",
			"components":
			[
				238,
				213,
				183
			]
		},
		{
			"colorName": "Bisque 3",
			"colorKey": "X11020",
			"components":
			[
				205,
				183,
				158
			]
		},
		{
			"colorName": "Bisque 4",
			"colorKey": "X11021",
			"components":
			[
				139,
				125,
				107
			]
		},
		{
			"colorName": "Black",
			"colorKey": "X11022",
			"components":
			[
				0,
				0,
				0
			]
		},
		{
			"colorName": "Blanched Almond",
			"colorKey": "X11023",
			"components":
			[
				255,
				235,
				205
			]
		},
		{
			"colorName": "Blue",
			"colorKey": "X11024",
			"components":
			[
				0,
				0,
				255
			]
		},
		{
			"colorName": "Blue 1",
			"colorKey": "X11025",
			"components":
			[
				0,
				0,
				255
			]
		},
		{
			"colorName": "Blue 2",
			"colorKey": "X11026",
			"components":
			[
				0,
				0,
				238
			]
		},
		{
			"colorName": "Blue 3",
			"colorKey": "X11027",
			"components":
			[
				0,
				0,
				205
			]
		},
		{
			"colorName": "Blue 4",
			"colorKey": "X11028",
			"components":
			[
				0,
				0,
				139
			]
		},
		{
			"colorName": "Blue Violet",
			"colorKey": "X11029",
			"components":
			[
				138,
				43,
				226
			]
		},
		{
			"colorName": "Brown",
			"colorKey": "X11030",
			"components":
			[
				165,
				42,
				42
			]
		},
		{
			"colorName": "Brown 1",
			"colorKey": "X11031",
			"components":
			[
				255,
				64,
				64
			]
		},
		{
			"colorName": "Brown 2",
			"colorKey": "X11032",
			"components":
			[
				238,
				59,
				59
			]
		},
		{
			"colorName": "Brown 3",
			"colorKey": "X11033",
			"components":
			[
				205,
				51,
				51
			]
		},
		{
			"colorName": "Brown 4",
			"colorKey": "X11034",
			"components":
			[
				139,
				35,
				35
			]
		},
		{
			"colorName": "Burlywood",
			"colorKey": "X11035",
			"components":
			[
				222,
				184,
				135
			]
		},
		{
			"colorName": "Burlywood 1",
			"colorKey": "X11036",
			"components":
			[
				255,
				211,
				155
			]
		},
		{
			"colorName": "Burlywood 2",
			"colorKey": "X11037",
			"components":
			[
				238,
				197,
				145
			]
		},
		{
			"colorName": "Burlywood 3",
			"colorKey": "X11038",
			"components":
			[
				205,
				170,
				125
			]
		},
		{
			"colorName": "Burlywood 4",
			"colorKey": "X11039",
			"components":
			[
				139,
				115,
				85
			]
		},
		{
			"colorName": "Cadet Blue",
			"colorKey": "X11040",
			"components":
			[
				95,
				158,
				160
			]
		},
		{
			"colorName": "Cadet Blue 1",
			"colorKey": "X11041",
			"components":
			[
				152,
				245,
				255
			]
		},
		{
			"colorName": "Cadet Blue 2",
			"colorKey": "X11042",
			"components":
			[
				142,
				229,
				238
			]
		},
		{
			"colorName": "Cadet Blue 3",
			"colorKey": "X11043",
			"components":
			[
				122,
				197,
				205
			]
		},
		{
			"colorName": "Cadet Blue 4",
			"colorKey": "X11044",
			"components":
			[
				83,
				134,
				139
			]
		},
		{
			"colorName": "Chartreuse",
			"colorKey": "X11045",
			"components":
			[
				127,
				255,
				0
			]
		},
		{
			"colorName": "Chartreuse 1",
			"colorKey": "X11046",
			"components":
			[
				127,
				255,
				0
			]
		},
		{
			"colorName": "Chartreuse 2",
			"colorKey": "X11047",
			"components":
			[
				118,
				238,
				0
			]
		},
		{
			"colorName": "Chartreuse 3",
			"colorKey": "X11048",
			"components":
			[
				102,
				205,
				0
			]
		},
		{
			"colorName": "Chartreuse 4",
			"colorKey": "X11049",
			"components":
			[
				69,
				139,
				0
			]
		},
		{
			"colorName": "Chocolate",
			"colorKey": "X11050",
			"components":
			[
				210,
				105,
				30
			]
		},
		{
			"colorName": "Chocolate 1",
			"colorKey": "X11051",
			"components":
			[
				255,
				127,
				36
			]
		},
		{
			"colorName": "Chocolate 2",
			"colorKey": "X11052",
			"components":
			[
				238,
				118,
				33
			]
		},
		{
			"colorName": "Chocolate 3",
			"colorKey": "X11053",
			"components":
			[
				205,
				102,
				29
			]
		},
		{
			"colorName": "Chocolate 4",
			"colorKey": "X11054",
			"components":
			[
				139,
				69,
				19
			]
		},
		{
			"colorName": "Coral",
			"colorKey": "X11055",
			"components":
			[
				255,
				127,
				80
			]
		},
		{
			"colorName": "Coral 1",
			"colorKey": "X11056",
			"components":
			[
				255,
				114,
				86
			]
		},
		{
			"colorName": "Coral 2",
			"colorKey": "X11057",
			"components":
			[
				238,
				106,
				80
			]
		},
		{
			"colorName": "Coral 3",
			"colorKey": "X11058",
			"components":
			[
				205,
				91,
				69
			]
		},
		{
			"colorName": "Coral 4",
			"colorKey": "X11059",
			"components":
			[
				139,
				62,
				47
			]
		},
		{
			"colorName": "Cornflower Blue",
			"colorKey": "X11060",
			"components":
			[
				100,
				149,
				237
			]
		},
		{
			"colorName": "Cornsilk",
			"colorKey": "X11061",
			"components":
			[
				255,
				248,
				220
			]
		},
		{
			"colorName": "Cornsilk 1",
			"colorKey": "X11062",
			"components":
			[
				255,
				248,
				220
			]
		},
		{
			"colorName": "Cornsilk 2",
			"colorKey": "X11063",
			"components":
			[
				238,
				232,
				205
			]
		},
		{
			"colorName": "Cornsilk 3",
			"colorKey": "X11064",
			"components":
			[
				205,
				200,
				177
			]
		},
		{
			"colorName": "Cornsilk 4",
			"colorKey": "X11065",
			"components":
			[
				139,
				136,
				120
			]
		},
		{
			"colorName": "Cyan",
			"colorKey": "X11066",
			"components":
			[
				0,
				255,
				255
			]
		},
		{
			"colorName": "Cyan 1",
			"colorKey": "X11067",
			"components":
			[
				0,
				255,
				255
			]
		},
		{
			"colorName": "Cyan 2",
			"colorKey": "X11068",
			"components":
			[
				0,
				238,
				238
			]
		},
		{
			"colorName": "Cyan 3",
			"colorKey": "X11069",
			"components":
			[
				0,
				205,
				205
			]
		},
		{
			"colorName": "Cyan 4",
			"colorKey": "X11070",
			"components":
			[
				0,
				139,
				139
			]
		},
		{
			"colorName": "Dark Blue",
			"colorKey": "X11071",
			"components":
			[
				0,
				0,
				139
			]
		},
		{
			"colorName": "Dark Cyan",
			"colorKey": "X11072",
			"components":
			[
				0,
				139,
				139
			]
		},
		{
			"colorName": "Dark Goldenrod",
			"colorKey": "X11073",
			"components":
			[
				184,
				134,
				11
			]
		},
		{
			"colorName": "Dark Goldenrod 1",
			"colorKey": "X11074",
			"components":
			[
				255,
				185,
				15
			]
		},
		{
			"colorName": "Dark Goldenrod 2",
			"colorKey": "X11075",
			"components":
			[
				238,
				173,
				14
			]
		},
		{
			"colorName": "Dark Goldenrod 3",
			"colorKey": "X11076",
			"components":
			[
				205,
				149,
				12
			]
		},
		{
			"colorName": "Dark Goldenrod 4",
			"colorKey": "X11077",
			"components":
			[
				139,
				101,
				8
			]
		},
		{
			"colorName": "Dark Gray",
			"colorKey": "X11078",
			"components":
			[
				169,
				169,
				169
			]
		},
		{
			"colorName": "Dark Green",
			"colorKey": "X11079",
			"components":
			[
				0,
				100,
				0
			]
		},
		{
			"colorName": "Dark Khaki",
			"colorKey": "X11081",
			"components":
			[
				189,
				183,
				107
			]
		},
		{
			"colorName": "Dark Magenta",
			"colorKey": "X11082",
			"components":
			[
				139,
				0,
				139
			]
		},
		{
			"colorName": "Dark Olive Green",
			"colorKey": "X11083",
			"components":
			[
				85,
				107,
				47
			]
		},
		{
			"colorName": "Dark Olive Green 1",
			"colorKey": "X11084",
			"components":
			[
				202,
				255,
				112
			]
		},
		{
			"colorName": "Dark Olive Green 2",
			"colorKey": "X11085",
			"components":
			[
				188,
				238,
				104
			]
		},
		{
			"colorName": "Dark Olive Green 3",
			"colorKey": "X11086",
			"components":
			[
				162,
				205,
				90
			]
		},
		{
			"colorName": "Dark Olive Green 4",
			"colorKey": "X11087",
			"components":
			[
				110,
				139,
				61
			]
		},
		{
			"colorName": "Dark Orange",
			"colorKey": "X11088",
			"components":
			[
				255,
				140,
				0
			]
		},
		{
			"colorName": "Dark Orange 1",
			"colorKey": "X11089",
			"components":
			[
				255,
				127,
				0
			]
		},
		{
			"colorName": "Dark Orange 2",
			"colorKey": "X11090",
			"components":
			[
				238,
				118,
				0
			]
		},
		{
			"colorName": "Dark Orange 3",
			"colorKey": "X11091",
			"components":
			[
				205,
				102,
				0
			]
		},
		{
			"colorName": "Dark Orange 4",
			"colorKey": "X11092",
			"components":
			[
				139,
				69,
				0
			]
		},
		{
			"colorName": "Dark Orchid",
			"colorKey": "X11093",
			"components":
			[
				153,
				50,
				204
			]
		},
		{
			"colorName": "Dark Orchid 1",
			"colorKey": "X11094",
			"components":
			[
				191,
				62,
				255
			]
		},
		{
			"colorName": "Dark Orchid 2",
			"colorKey": "X11095",
			"components":
			[
				178,
				58,
				238
			]
		},
		{
			"colorName": "Dark Orchid 3",
			"colorKey": "X11096",
			"components":
			[
				154,
				50,
				205
			]
		},
		{
			"colorName": "Dark Orchid 4",
			"colorKey": "X11097",
			"components":
			[
				104,
				34,
				139
			]
		},
		{
			"colorName": "Dark Red",
			"colorKey": "X11098",
			"components":
			[
				139,
				0,
				0
			]
		},
		{
			"colorName": "Dark Salmon",
			"colorKey": "X11099",
			"components":
			[
				233,
				150,
				122
			]
		},
		{
			"colorName": "Dark Sea Green",
			"colorKey": "X11100",
			"components":
			[
				143,
				188,
				143
			]
		},
		{
			"colorName": "Dark Sea Green 1",
			"colorKey": "X11101",
			"components":
			[
				193,
				255,
				193
			]
		},
		{
			"colorName": "Dark Sea Green 2",
			"colorKey": "X11102",
			"components":
			[
				180,
				238,
				180
			]
		},
		{
			"colorName": "Dark Sea Green 3",
			"colorKey": "X11103",
			"components":
			[
				155,
				205,
				155
			]
		},
		{
			"colorName": "Dark Sea Green 4",
			"colorKey": "X11104",
			"components":
			[
				105,
				139,
				105
			]
		},
		{
			"colorName": "Dark Slate Blue",
			"colorKey": "X11105",
			"components":
			[
				72,
				61,
				139
			]
		},
		{
			"colorName": "Dark Slate Gray",
			"colorKey": "X11106",
			"components":
			[
				47,
				79,
				79
			]
		},
		{
			"colorName": "Dark Slate Gray 1",
			"colorKey": "X11107",
			"components":
			[
				151,
				255,
				255
			]
		},
		{
			"colorName": "Dark Slate Gray 2",
			"colorKey": "X11108",
			"components":
			[
				141,
				238,
				238
			]
		},
		{
			"colorName": "Dark Slate Gray 3",
			"colorKey": "X11109",
			"components":
			[
				121,
				205,
				205
			]
		},
		{
			"colorName": "Dark Slate Gray 4",
			"colorKey": "X11110",
			"components":
			[
				82,
				139,
				139
			]
		},
		{
			"colorName": "Dark Turquoise",
			"colorKey": "X11116",
			"components":
			[
				0,
				206,
				209
			]
		},
		{
			"colorName": "Dark Violet",
			"colorKey": "X11117",
			"components":
			[
				148,
				0,
				211
			]
		},
		{
			"colorName": "Deep Pink",
			"colorKey": "X11118",
			"components":
			[
				255,
				20,
				147
			]
		},
		{
			"colorName": "Deep Pink 1",
			"colorKey": "X11119",
			"components":
			[
				255,
				20,
				147
			]
		},
		{
			"colorName": "Deep Pink 2",
			"colorKey": "X11120",
			"components":
			[
				238,
				18,
				137
			]
		},
		{
			"colorName": "Deep Pink 3",
			"colorKey": "X11121",
			"components":
			[
				205,
				16,
				118
			]
		},
		{
			"colorName": "Deep Pink 4",
			"colorKey": "X11122",
			"components":
			[
				139,
				10,
				80
			]
		},
		{
			"colorName": "Deep Sky Blue",
			"colorKey": "X11123",
			"components":
			[
				0,
				191,
				255
			]
		},
		{
			"colorName": "Deep Sky Blue 1",
			"colorKey": "X11124",
			"components":
			[
				0,
				191,
				255
			]
		},
		{
			"colorName": "Deep Sky Blue 2",
			"colorKey": "X11125",
			"components":
			[
				0,
				178,
				238
			]
		},
		{
			"colorName": "Deep Sky Blue 3",
			"colorKey": "X11126",
			"components":
			[
				0,
				154,
				205
			]
		},
		{
			"colorName": "Deep Sky Blue 4",
			"colorKey": "X11127",
			"components":
			[
				0,
				104,
				139
			]
		},
		{
			"colorName": "Dim Gray",
			"colorKey": "X11128",
			"components":
			[
				105,
				105,
				105
			]
		},
		{
			"colorName": "Dodger Blue",
			"colorKey": "X11130",
			"components":
			[
				30,
				144,
				255
			]
		},
		{
			"colorName": "Dodger Blue 1",
			"colorKey": "X11131",
			"components":
			[
				30,
				144,
				255
			]
		},
		{
			"colorName": "Dodger Blue 2",
			"colorKey": "X11132",
			"components":
			[
				28,
				134,
				238
			]
		},
		{
			"colorName": "Dodger Blue 3",
			"colorKey": "X11133",
			"components":
			[
				24,
				116,
				205
			]
		},
		{
			"colorName": "Dodger Blue 4",
			"colorKey": "X11134",
			"components":
			[
				16,
				78,
				139
			]
		},
		{
			"colorName": "Firebrick",
			"colorKey": "X11135",
			"components":
			[
				178,
				34,
				34
			]
		},
		{
			"colorName": "Firebrick 1",
			"colorKey": "X11136",
			"components":
			[
				255,
				48,
				48
			]
		},
		{
			"colorName": "Firebrick 2",
			"colorKey": "X11137",
			"components":
			[
				238,
				44,
				44
			]
		},
		{
			"colorName": "Firebrick 3",
			"colorKey": "X11138",
			"components":
			[
				205,
				38,
				38
			]
		},
		{
			"colorName": "Firebrick 4",
			"colorKey": "X11139",
			"components":
			[
				139,
				26,
				26
			]
		},
		{
			"colorName": "Floral White",
			"colorKey": "X11140",
			"components":
			[
				255,
				250,
				240
			]
		},
		{
			"colorName": "Forest Green",
			"colorKey": "X11141",
			"components":
			[
				34,
				139,
				34
			]
		},
		{
			"colorName": "Gainsboro",
			"colorKey": "X11142",
			"components":
			[
				220,
				220,
				220
			]
		},
		{
			"colorName": "Ghost White",
			"colorKey": "X11143",
			"components":
			[
				248,
				248,
				255
			]
		},
		{
			"colorName": "Gold",
			"colorKey": "X11144",
			"components":
			[
				255,
				215,
				0
			]
		},
		{
			"colorName": "Gold 1",
			"colorKey": "X11145",
			"components":
			[
				255,
				215,
				0
			]
		},
		{
			"colorName": "Gold 2",
			"colorKey": "X11146",
			"components":
			[
				238,
				201,
				0
			]
		},
		{
			"colorName": "Gold 3",
			"colorKey": "X11147",
			"components":
			[
				205,
				173,
				0
			]
		},
		{
			"colorName": "Gold 4",
			"colorKey": "X11148",
			"components":
			[
				139,
				117,
				0
			]
		},
		{
			"colorName": "Goldenrod",
			"colorKey": "X11149",
			"components":
			[
				218,
				165,
				32
			]
		},
		{
			"colorName": "Goldenrod 1",
			"colorKey": "X11150",
			"components":
			[
				255,
				193,
				37
			]
		},
		{
			"colorName": "Goldenrod 2",
			"colorKey": "X11151",
			"components":
			[
				238,
				180,
				34
			]
		},
		{
			"colorName": "Goldenrod 3",
			"colorKey": "X11152",
			"components":
			[
				205,
				155,
				29
			]
		},
		{
			"colorName": "Goldenrod 4",
			"colorKey": "X11153",
			"components":
			[
				139,
				105,
				20
			]
		},
		{
			"colorName": "Gray",
			"colorKey": "X11154",
			"components":
			[
				190,
				190,
				190
			]
		},
		{
			"colorName": "Gray 0",
			"colorKey": "X11155",
			"components":
			[
				0,
				0,
				0
			]
		},
		{
			"colorName": "Gray 1",
			"colorKey": "X11156",
			"components":
			[
				3,
				3,
				3
			]
		},
		{
			"colorName": "Gray 2",
			"colorKey": "X11157",
			"components":
			[
				5,
				5,
				5
			]
		},
		{
			"colorName": "Gray 3",
			"colorKey": "X11158",
			"components":
			[
				8,
				8,
				8
			]
		},
		{
			"colorName": "Gray 4",
			"colorKey": "X11159",
			"components":
			[
				10,
				10,
				10
			]
		},
		{
			"colorName": "Gray 5",
			"colorKey": "X11160",
			"components":
			[
				13,
				13,
				13
			]
		},
		{
			"colorName": "Gray 6",
			"colorKey": "X11161",
			"components":
			[
				15,
				15,
				15
			]
		},
		{
			"colorName": "Gray 7",
			"colorKey": "X11162",
			"components":
			[
				18,
				18,
				18
			]
		},
		{
			"colorName": "Gray 8",
			"colorKey": "X11163",
			"components":
			[
				20,
				20,
				20
			]
		},
		{
			"colorName": "Gray 9",
			"colorKey": "X11164",
			"components":
			[
				23,
				23,
				23
			]
		},
		{
			"colorName": "Gray 10",
			"colorKey": "X11165",
			"components":
			[
				26,
				26,
				26
			]
		},
		{
			"colorName": "Gray 11",
			"colorKey": "X11166",
			"components":
			[
				28,
				28,
				28
			]
		},
		{
			"colorName": "Gray 12",
			"colorKey": "X11167",
			"components":
			[
				31,
				31,
				31
			]
		},
		{
			"colorName": "Gray 13",
			"colorKey": "X11168",
			"components":
			[
				33,
				33,
				33
			]
		},
		{
			"colorName": "Gray 14",
			"colorKey": "X11169",
			"components":
			[
				36,
				36,
				36
			]
		},
		{
			"colorName": "Gray 15",
			"colorKey": "X11170",
			"components":
			[
				38,
				38,
				38
			]
		},
		{
			"colorName": "Gray 16",
			"colorKey": "X11171",
			"components":
			[
				41,
				41,
				41
			]
		},
		{
			"colorName": "Gray 17",
			"colorKey": "X11172",
			"components":
			[
				43,
				43,
				43
			]
		},
		{
			"colorName": "Gray 18",
			"colorKey": "X11173",
			"components":
			[
				46,
				46,
				46
			]
		},
		{
			"colorName": "Gray 19",
			"colorKey": "X11174",
			"components":
			[
				48,
				48,
				48
			]
		},
		{
			"colorName": "Gray 20",
			"colorKey": "X11175",
			"components":
			[
				51,
				51,
				51
			]
		},
		{
			"colorName": "Gray 21",
			"colorKey": "X11176",
			"components":
			[
				54,
				54,
				54
			]
		},
		{
			"colorName": "Gray 22",
			"colorKey": "X11177",
			"components":
			[
				56,
				56,
				56
			]
		},
		{
			"colorName": "Gray 23",
			"colorKey": "X11178",
			"components":
			[
				59,
				59,
				59
			]
		},
		{
			"colorName": "Gray 24",
			"colorKey": "X11179",
			"components":
			[
				61,
				61,
				61
			]
		},
		{
			"colorName": "Gray 25",
			"colorKey": "X11180",
			"components":
			[
				64,
				64,
				64
			]
		},
		{
			"colorName": "Gray 26",
			"colorKey": "X11181",
			"components":
			[
				66,
				66,
				66
			]
		},
		{
			"colorName": "Gray 27",
			"colorKey": "X11182",
			"components":
			[
				69,
				69,
				69
			]
		},
		{
			"colorName": "Gray 28",
			"colorKey": "X11183",
			"components":
			[
				71,
				71,
				71
			]
		},
		{
			"colorName": "Gray 29",
			"colorKey": "X11184",
			"components":
			[
				74,
				74,
				74
			]
		},
		{
			"colorName": "Gray 30",
			"colorKey": "X11185",
			"components":
			[
				77,
				77,
				77
			]
		},
		{
			"colorName": "Gray 31",
			"colorKey": "X11186",
			"components":
			[
				79,
				79,
				79
			]
		},
		{
			"colorName": "Gray 32",
			"colorKey": "X11187",
			"components":
			[
				82,
				82,
				82
			]
		},
		{
			"colorName": "Gray 33",
			"colorKey": "X11188",
			"components":
			[
				84,
				84,
				84
			]
		},
		{
			"colorName": "Gray 34",
			"colorKey": "X11189",
			"components":
			[
				87,
				87,
				87
			]
		},
		{
			"colorName": "Gray 35",
			"colorKey": "X11190",
			"components":
			[
				89,
				89,
				89
			]
		},
		{
			"colorName": "Gray 36",
			"colorKey": "X11191",
			"components":
			[
				92,
				92,
				92
			]
		},
		{
			"colorName": "Gray 37",
			"colorKey": "X11192",
			"components":
			[
				94,
				94,
				94
			]
		},
		{
			"colorName": "Gray 38",
			"colorKey": "X11193",
			"components":
			[
				97,
				97,
				97
			]
		},
		{
			"colorName": "Gray 39",
			"colorKey": "X11194",
			"components":
			[
				99,
				99,
				99
			]
		},
		{
			"colorName": "Gray 40",
			"colorKey": "X11195",
			"components":
			[
				102,
				102,
				102
			]
		},
		{
			"colorName": "Gray 41",
			"colorKey": "X11196",
			"components":
			[
				105,
				105,
				105
			]
		},
		{
			"colorName": "Gray 42",
			"colorKey": "X11197",
			"components":
			[
				107,
				107,
				107
			]
		},
		{
			"colorName": "Gray 43",
			"colorKey": "X11198",
			"components":
			[
				110,
				110,
				110
			]
		},
		{
			"colorName": "Gray 44",
			"colorKey": "X11199",
			"components":
			[
				112,
				112,
				112
			]
		},
		{
			"colorName": "Gray 45",
			"colorKey": "X11200",
			"components":
			[
				115,
				115,
				115
			]
		},
		{
			"colorName": "Gray 46",
			"colorKey": "X11201",
			"components":
			[
				117,
				117,
				117
			]
		},
		{
			"colorName": "Gray 47",
			"colorKey": "X11202",
			"components":
			[
				120,
				120,
				120
			]
		},
		{
			"colorName": "Gray 48",
			"colorKey": "X11203",
			"components":
			[
				122,
				122,
				122
			]
		},
		{
			"colorName": "Gray 49",
			"colorKey": "X11204",
			"components":
			[
				125,
				125,
				125
			]
		},
		{
			"colorName": "Gray 50",
			"colorKey": "X11205",
			"components":
			[
				127,
				127,
				127
			]
		},
		{
			"colorName": "Gray 51",
			"colorKey": "X11206",
			"components":
			[
				130,
				130,
				130
			]
		},
		{
			"colorName": "Gray 52",
			"colorKey": "X11207",
			"components":
			[
				133,
				133,
				133
			]
		},
		{
			"colorName": "Gray 53",
			"colorKey": "X11208",
			"components":
			[
				135,
				135,
				135
			]
		},
		{
			"colorName": "Gray 54",
			"colorKey": "X11209",
			"components":
			[
				138,
				138,
				138
			]
		},
		{
			"colorName": "Gray 55",
			"colorKey": "X11210",
			"components":
			[
				140,
				140,
				140
			]
		},
		{
			"colorName": "Gray 56",
			"colorKey": "X11211",
			"components":
			[
				143,
				143,
				143
			]
		},
		{
			"colorName": "Gray 57",
			"colorKey": "X11212",
			"components":
			[
				145,
				145,
				145
			]
		},
		{
			"colorName": "Gray 58",
			"colorKey": "X11213",
			"components":
			[
				148,
				148,
				148
			]
		},
		{
			"colorName": "Gray 59",
			"colorKey": "X11214",
			"components":
			[
				150,
				150,
				150
			]
		},
		{
			"colorName": "Gray 60",
			"colorKey": "X11215",
			"components":
			[
				153,
				153,
				153
			]
		},
		{
			"colorName": "Gray 61",
			"colorKey": "X11216",
			"components":
			[
				156,
				156,
				156
			]
		},
		{
			"colorName": "Gray 62",
			"colorKey": "X11217",
			"components":
			[
				158,
				158,
				158
			]
		},
		{
			"colorName": "Gray 63",
			"colorKey": "X11218",
			"components":
			[
				161,
				161,
				161
			]
		},
		{
			"colorName": "Gray 64",
			"colorKey": "X11219",
			"components":
			[
				163,
				163,
				163
			]
		},
		{
			"colorName": "Gray 65",
			"colorKey": "X11220",
			"components":
			[
				166,
				166,
				166
			]
		},
		{
			"colorName": "Gray 66",
			"colorKey": "X11221",
			"components":
			[
				168,
				168,
				168
			]
		},
		{
			"colorName": "Gray 67",
			"colorKey": "X11222",
			"components":
			[
				171,
				171,
				171
			]
		},
		{
			"colorName": "Gray 68",
			"colorKey": "X11223",
			"components":
			[
				173,
				173,
				173
			]
		},
		{
			"colorName": "Gray 69",
			"colorKey": "X11224",
			"components":
			[
				176,
				176,
				176
			]
		},
		{
			"colorName": "Gray 70",
			"colorKey": "X11225",
			"components":
			[
				179,
				179,
				179
			]
		},
		{
			"colorName": "Gray 71",
			"colorKey": "X11226",
			"components":
			[
				181,
				181,
				181
			]
		},
		{
			"colorName": "Gray 72",
			"colorKey": "X11227",
			"components":
			[
				184,
				184,
				184
			]
		},
		{
			"colorName": "Gray 73",
			"colorKey": "X11228",
			"components":
			[
				186,
				186,
				186
			]
		},
		{
			"colorName": "Gray 74",
			"colorKey": "X11229",
			"components":
			[
				189,
				189,
				189
			]
		},
		{
			"colorName": "Gray 75",
			"colorKey": "X11230",
			"components":
			[
				191,
				191,
				191
			]
		},
		{
			"colorName": "Gray 76",
			"colorKey": "X11231",
			"components":
			[
				194,
				194,
				194
			]
		},
		{
			"colorName": "Gray 77",
			"colorKey": "X11232",
			"components":
			[
				196,
				196,
				196
			]
		},
		{
			"colorName": "Gray 78",
			"colorKey": "X11233",
			"components":
			[
				199,
				199,
				199
			]
		},
		{
			"colorName": "Gray 79",
			"colorKey": "X11234",
			"components":
			[
				201,
				201,
				201
			]
		},
		{
			"colorName": "Gray 80",
			"colorKey": "X11235",
			"components":
			[
				204,
				204,
				204
			]
		},
		{
			"colorName": "Gray 81",
			"colorKey": "X11236",
			"components":
			[
				207,
				207,
				207
			]
		},
		{
			"colorName": "Gray 82",
			"colorKey": "X11237",
			"components":
			[
				209,
				209,
				209
			]
		},
		{
			"colorName": "Gray 83",
			"colorKey": "X11238",
			"components":
			[
				212,
				212,
				212
			]
		},
		{
			"colorName": "Gray 84",
			"colorKey": "X11239",
			"components":
			[
				214,
				214,
				214
			]
		},
		{
			"colorName": "Gray 85",
			"colorKey": "X11240",
			"components":
			[
				217,
				217,
				217
			]
		},
		{
			"colorName": "Gray 86",
			"colorKey": "X11241",
			"components":
			[
				219,
				219,
				219
			]
		},
		{
			"colorName": "Gray 87",
			"colorKey": "X11242",
			"components":
			[
				222,
				222,
				222
			]
		},
		{
			"colorName": "Gray 88",
			"colorKey": "X11243",
			"components":
			[
				224,
				224,
				224
			]
		},
		{
			"colorName": "Gray 89",
			"colorKey": "X11244",
			"components":
			[
				227,
				227,
				227
			]
		},
		{
			"colorName": "Gray 90",
			"colorKey": "X11245",
			"components":
			[
				229,
				229,
				229
			]
		},
		{
			"colorName": "Gray 91",
			"colorKey": "X11246",
			"components":
			[
				232,
				232,
				232
			]
		},
		{
			"colorName": "Gray 92",
			"colorKey": "X11247",
			"components":
			[
				235,
				235,
				235
			]
		},
		{
			"colorName": "Gray 93",
			"colorKey": "X11248",
			"components":
			[
				237,
				237,
				237
			]
		},
		{
			"colorName": "Gray 94",
			"colorKey": "X11249",
			"components":
			[
				240,
				240,
				240
			]
		},
		{
			"colorName": "Gray 95",
			"colorKey": "X11250",
			"components":
			[
				242,
				242,
				242
			]
		},
		{
			"colorName": "Gray 96",
			"colorKey": "X11251",
			"components":
			[
				245,
				245,
				245
			]
		},
		{
			"colorName": "Gray 97",
			"colorKey": "X11252",
			"components":
			[
				247,
				247,
				247
			]
		},
		{
			"colorName": "Gray 98",
			"colorKey": "X11253",
			"components":
			[
				250,
				250,
				250
			]
		},
		{
			"colorName": "Gray 99",
			"colorKey": "X11254",
			"components":
			[
				252,
				252,
				252
			]
		},
		{
			"colorName": "Gray 100",
			"colorKey": "X11255",
			"components":
			[
				255,
				255,
				255
			]
		},
		{
			"colorName": "Green",
			"colorKey": "X11256",
			"components":
			[
				0,
				255,
				0
			]
		},
		{
			"colorName": "Green 1",
			"colorKey": "X11257",
			"components":
			[
				0,
				255,
				0
			]
		},
		{
			"colorName": "Green 2",
			"colorKey": "X11258",
			"components":
			[
				0,
				238,
				0
			]
		},
		{
			"colorName": "Green 3",
			"colorKey": "X11259",
			"components":
			[
				0,
				205,
				0
			]
		},
		{
			"colorName": "Green 4",
			"colorKey": "X11260",
			"components":
			[
				0,
				139,
				0
			]
		},
		{
			"colorName": "Green Yellow",
			"colorKey": "X11261",
			"components":
			[
				173,
				255,
				47
			]
		},
		{
			"colorName": "Honeydew",
			"colorKey": "X11364",
			"components":
			[
				240,
				255,
				240
			]
		},
		{
			"colorName": "Honeydew 1",
			"colorKey": "X11365",
			"components":
			[
				240,
				255,
				240
			]
		},
		{
			"colorName": "Honeydew 2",
			"colorKey": "X11366",
			"components":
			[
				224,
				238,
				224
			]
		},
		{
			"colorName": "Honeydew 3",
			"colorKey": "X11367",
			"components":
			[
				193,
				205,
				193
			]
		},
		{
			"colorName": "Honeydew 4",
			"colorKey": "X11368",
			"components":
			[
				131,
				139,
				131
			]
		},
		{
			"colorName": "Hot Pink",
			"colorKey": "X11369",
			"components":
			[
				255,
				105,
				180
			]
		},
		{
			"colorName": "Hot Pink 1",
			"colorKey": "X11370",
			"components":
			[
				255,
				110,
				180
			]
		},
		{
			"colorName": "Hot Pink 2",
			"colorKey": "X11371",
			"components":
			[
				238,
				106,
				167
			]
		},
		{
			"colorName": "Hot Pink 3",
			"colorKey": "X11372",
			"components":
			[
				205,
				96,
				144
			]
		},
		{
			"colorName": "Hot Pink 4",
			"colorKey": "X11373",
			"components":
			[
				139,
				58,
				98
			]
		},
		{
			"colorName": "Indian Red",
			"colorKey": "X11374",
			"components":
			[
				205,
				92,
				92
			]
		},
		{
			"colorName": "Indian Red 1",
			"colorKey": "X11375",
			"components":
			[
				255,
				106,
				106
			]
		},
		{
			"colorName": "Indian Red 2",
			"colorKey": "X11376",
			"components":
			[
				238,
				99,
				99
			]
		},
		{
			"colorName": "Indian Red 3",
			"colorKey": "X11377",
			"components":
			[
				205,
				85,
				85
			]
		},
		{
			"colorName": "Indian Red 4",
			"colorKey": "X11378",
			"components":
			[
				139,
				58,
				58
			]
		},
		{
			"colorName": "Ivory",
			"colorKey": "X11379",
			"components":
			[
				255,
				255,
				240
			]
		},
		{
			"colorName": "Ivory 1",
			"colorKey": "X11380",
			"components":
			[
				255,
				255,
				240
			]
		},
		{
			"colorName": "Ivory 2",
			"colorKey": "X11381",
			"components":
			[
				238,
				238,
				224
			]
		},
		{
			"colorName": "Ivory 3",
			"colorKey": "X11382",
			"components":
			[
				205,
				205,
				193
			]
		},
		{
			"colorName": "Ivory 4",
			"colorKey": "X11383",
			"components":
			[
				139,
				139,
				131
			]
		},
		{
			"colorName": "Khaki",
			"colorKey": "X11384",
			"components":
			[
				240,
				230,
				140
			]
		},
		{
			"colorName": "Khaki 1",
			"colorKey": "X11385",
			"components":
			[
				255,
				246,
				143
			]
		},
		{
			"colorName": "Khaki 2",
			"colorKey": "X11386",
			"components":
			[
				238,
				230,
				133
			]
		},
		{
			"colorName": "Khaki 3",
			"colorKey": "X11387",
			"components":
			[
				205,
				198,
				115
			]
		},
		{
			"colorName": "Khaki 4",
			"colorKey": "X11388",
			"components":
			[
				139,
				134,
				78
			]
		},
		{
			"colorName": "Lavender",
			"colorKey": "X11389",
			"components":
			[
				230,
				230,
				250
			]
		},
		{
			"colorName": "Lavender Blush",
			"colorKey": "X11390",
			"components":
			[
				255,
				240,
				245
			]
		},
		{
			"colorName": "Lavender Blush 1",
			"colorKey": "X11391",
			"components":
			[
				255,
				240,
				245
			]
		},
		{
			"colorName": "Lavender Blush 2",
			"colorKey": "X11392",
			"components":
			[
				238,
				224,
				229
			]
		},
		{
			"colorName": "Lavender Blush 3",
			"colorKey": "X11393",
			"components":
			[
				205,
				193,
				197
			]
		},
		{
			"colorName": "Lavender Blush 4",
			"colorKey": "X11394",
			"components":
			[
				139,
				131,
				134
			]
		},
		{
			"colorName": "Lawn Green",
			"colorKey": "X11395",
			"components":
			[
				124,
				252,
				0
			]
		},
		{
			"colorName": "Lemon Chiffon",
			"colorKey": "X11396",
			"components":
			[
				255,
				250,
				205
			]
		},
		{
			"colorName": "Lemon Chiffon 1",
			"colorKey": "X11397",
			"components":
			[
				255,
				250,
				205
			]
		},
		{
			"colorName": "Lemon Chiffon 2",
			"colorKey": "X11398",
			"components":
			[
				238,
				233,
				191
			]
		},
		{
			"colorName": "Lemon Chiffon 3",
			"colorKey": "X11399",
			"components":
			[
				205,
				201,
				165
			]
		},
		{
			"colorName": "Lemon Chiffon 4",
			"colorKey": "X11400",
			"components":
			[
				139,
				137,
				112
			]
		},
		{
			"colorName": "Light Blue",
			"colorKey": "X11401",
			"components":
			[
				173,
				216,
				230
			]
		},
		{
			"colorName": "Light Blue 1",
			"colorKey": "X11402",
			"components":
			[
				191,
				239,
				255
			]
		},
		{
			"colorName": "Light Blue 2",
			"colorKey": "X11403",
			"components":
			[
				178,
				223,
				238
			]
		},
		{
			"colorName": "Light Blue 3",
			"colorKey": "X11404",
			"components":
			[
				154,
				192,
				205
			]
		},
		{
			"colorName": "Light Blue 4",
			"colorKey": "X11405",
			"components":
			[
				104,
				131,
				139
			]
		},
		{
			"colorName": "Light Coral",
			"colorKey": "X11406",
			"components":
			[
				240,
				128,
				128
			]
		},
		{
			"colorName": "Light Cyan",
			"colorKey": "X11407",
			"components":
			[
				224,
				255,
				255
			]
		},
		{
			"colorName": "Light Cyan 1",
			"colorKey": "X11408",
			"components":
			[
				224,
				255,
				255
			]
		},
		{
			"colorName": "Light Cyan 2",
			"colorKey": "X11409",
			"components":
			[
				209,
				238,
				238
			]
		},
		{
			"colorName": "Light Cyan 3",
			"colorKey": "X11410",
			"components":
			[
				180,
				205,
				205
			]
		},
		{
			"colorName": "Light Cyan 4",
			"colorKey": "X11411",
			"components":
			[
				122,
				139,
				139
			]
		},
		{
			"colorName": "Light Goldenrod",
			"colorKey": "X11412",
			"components":
			[
				238,
				221,
				130
			]
		},
		{
			"colorName": "Light Goldenrod 1",
			"colorKey": "X11413",
			"components":
			[
				255,
				236,
				139
			]
		},
		{
			"colorName": "Light Goldenrod 2",
			"colorKey": "X11414",
			"components":
			[
				238,
				220,
				130
			]
		},
		{
			"colorName": "Light Goldenrod 3",
			"colorKey": "X11415",
			"components":
			[
				205,
				190,
				112
			]
		},
		{
			"colorName": "Light Goldenrod 4",
			"colorKey": "X11416",
			"components":
			[
				139,
				129,
				76
			]
		},
		{
			"colorName": "Light Goldenrod Yellow",
			"colorKey": "X11417",
			"components":
			[
				250,
				250,
				210
			]
		},
		{
			"colorName": "Light Gray",
			"colorKey": "X11418",
			"components":
			[
				211,
				211,
				211
			]
		},
		{
			"colorName": "Light Green",
			"colorKey": "X11419",
			"components":
			[
				144,
				238,
				144
			]
		},
		{
			"colorName": "Light Pink",
			"colorKey": "X11421",
			"components":
			[
				255,
				182,
				193
			]
		},
		{
			"colorName": "Light Pink 1",
			"colorKey": "X11422",
			"components":
			[
				255,
				174,
				185
			]
		},
		{
			"colorName": "Light Pink 2",
			"colorKey": "X11423",
			"components":
			[
				238,
				162,
				173
			]
		},
		{
			"colorName": "Light Pink 3",
			"colorKey": "X11424",
			"components":
			[
				205,
				140,
				149
			]
		},
		{
			"colorName": "Light Pink 4",
			"colorKey": "X11425",
			"components":
			[
				139,
				95,
				101
			]
		},
		{
			"colorName": "Light Salmon",
			"colorKey": "X11426",
			"components":
			[
				255,
				160,
				122
			]
		},
		{
			"colorName": "Light Salmon 1",
			"colorKey": "X11427",
			"components":
			[
				255,
				160,
				122
			]
		},
		{
			"colorName": "Light Salmon 2",
			"colorKey": "X11428",
			"components":
			[
				238,
				149,
				114
			]
		},
		{
			"colorName": "Light Salmon 3",
			"colorKey": "X11429",
			"components":
			[
				205,
				129,
				98
			]
		},
		{
			"colorName": "Light Salmon 4",
			"colorKey": "X11430",
			"components":
			[
				139,
				87,
				66
			]
		},
		{
			"colorName": "Light Sea Green",
			"colorKey": "X11431",
			"components":
			[
				32,
				178,
				170
			]
		},
		{
			"colorName": "Light Sky Blue",
			"colorKey": "X11432",
			"components":
			[
				135,
				206,
				250
			]
		},
		{
			"colorName": "Light Sky Blue 1",
			"colorKey": "X11433",
			"components":
			[
				176,
				226,
				255
			]
		},
		{
			"colorName": "Light Sky Blue 2",
			"colorKey": "X11434",
			"components":
			[
				164,
				211,
				238
			]
		},
		{
			"colorName": "Light Sky Blue 3",
			"colorKey": "X11435",
			"components":
			[
				141,
				182,
				205
			]
		},
		{
			"colorName": "Light Sky Blue 4",
			"colorKey": "X11436",
			"components":
			[
				96,
				123,
				139
			]
		},
		{
			"colorName": "Light Slate Blue",
			"colorKey": "X11437",
			"components":
			[
				132,
				112,
				255
			]
		},
		{
			"colorName": "Light Slate Gray",
			"colorKey": "X11438",
			"components":
			[
				119,
				136,
				153
			]
		},
		{
			"colorName": "Light Steel Blue",
			"colorKey": "X11440",
			"components":
			[
				176,
				196,
				222
			]
		},
		{
			"colorName": "Light Steel Blue 1",
			"colorKey": "X11441",
			"components":
			[
				202,
				225,
				255
			]
		},
		{
			"colorName": "Light Steel Blue 2",
			"colorKey": "X11442",
			"components":
			[
				188,
				210,
				238
			]
		},
		{
			"colorName": "Light Steel Blue 3",
			"colorKey": "X11443",
			"components":
			[
				162,
				181,
				205
			]
		},
		{
			"colorName": "Light Steel Blue 4",
			"colorKey": "X11444",
			"components":
			[
				110,
				123,
				139
			]
		},
		{
			"colorName": "Light Yellow",
			"colorKey": "X11445",
			"components":
			[
				255,
				255,
				224
			]
		},
		{
			"colorName": "Light Yellow 1",
			"colorKey": "X11446",
			"components":
			[
				255,
				255,
				224
			]
		},
		{
			"colorName": "Light Yellow 2",
			"colorKey": "X11447",
			"components":
			[
				238,
				238,
				209
			]
		},
		{
			"colorName": "Light Yellow 3",
			"colorKey": "X11448",
			"components":
			[
				205,
				205,
				180
			]
		},
		{
			"colorName": "Light Yellow 4",
			"colorKey": "X11449",
			"components":
			[
				139,
				139,
				122
			]
		},
		{
			"colorName": "Lime Green",
			"colorKey": "X11450",
			"components":
			[
				50,
				205,
				50
			]
		},
		{
			"colorName": "Linen",
			"colorKey": "X11451",
			"components":
			[
				250,
				240,
				230
			]
		},
		{
			"colorName": "Magenta",
			"colorKey": "X11452",
			"components":
			[
				255,
				0,
				255
			]
		},
		{
			"colorName": "Magenta 1",
			"colorKey": "X11453",
			"components":
			[
				255,
				0,
				255
			]
		},
		{
			"colorName": "Magenta 2",
			"colorKey": "X11454",
			"components":
			[
				238,
				0,
				238
			]
		},
		{
			"colorName": "Magenta 3",
			"colorKey": "X11455",
			"components":
			[
				205,
				0,
				205
			]
		},
		{
			"colorName": "Magenta 4",
			"colorKey": "X11456",
			"components":
			[
				139,
				0,
				139
			]
		},
		{
			"colorName": "Maroon",
			"colorKey": "X11457",
			"components":
			[
				176,
				48,
				96
			]
		},
		{
			"colorName": "Maroon 1",
			"colorKey": "X11458",
			"components":
			[
				255,
				52,
				179
			]
		},
		{
			"colorName": "Maroon 2",
			"colorKey": "X11459",
			"components":
			[
				238,
				48,
				167
			]
		},
		{
			"colorName": "Maroon 3",
			"colorKey": "X11460",
			"components":
			[
				205,
				41,
				144
			]
		},
		{
			"colorName": "Maroon 4",
			"colorKey": "X11461",
			"components":
			[
				139,
				28,
				98
			]
		},
		{
			"colorName": "Medium Aquamarine",
			"colorKey": "X11462",
			"components":
			[
				102,
				205,
				170
			]
		},
		{
			"colorName": "Medium Blue",
			"colorKey": "X11463",
			"components":
			[
				0,
				0,
				205
			]
		},
		{
			"colorName": "Medium Orchid",
			"colorKey": "X11464",
			"components":
			[
				186,
				85,
				211
			]
		},
		{
			"colorName": "Medium Orchid 1",
			"colorKey": "X11465",
			"components":
			[
				224,
				102,
				255
			]
		},
		{
			"colorName": "Medium Orchid 2",
			"colorKey": "X11466",
			"components":
			[
				209,
				95,
				238
			]
		},
		{
			"colorName": "Medium Orchid 3",
			"colorKey": "X11467",
			"components":
			[
				180,
				82,
				205
			]
		},
		{
			"colorName": "Medium Orchid 4",
			"colorKey": "X11468",
			"components":
			[
				122,
				55,
				139
			]
		},
		{
			"colorName": "Medium Purple",
			"colorKey": "X11469",
			"components":
			[
				147,
				112,
				219
			]
		},
		{
			"colorName": "Medium Purple 1",
			"colorKey": "X11470",
			"components":
			[
				171,
				130,
				255
			]
		},
		{
			"colorName": "Medium Purple 2",
			"colorKey": "X11471",
			"components":
			[
				159,
				121,
				238
			]
		},
		{
			"colorName": "Medium Purple 3",
			"colorKey": "X11472",
			"components":
			[
				137,
				104,
				205
			]
		},
		{
			"colorName": "Medium Purple 4",
			"colorKey": "X11473",
			"components":
			[
				93,
				71,
				139
			]
		},
		{
			"colorName": "Medium Sea Green",
			"colorKey": "X11474",
			"components":
			[
				60,
				179,
				113
			]
		},
		{
			"colorName": "Medium Slate Blue",
			"colorKey": "X11475",
			"components":
			[
				123,
				104,
				238
			]
		},
		{
			"colorName": "Medium Spring Green",
			"colorKey": "X11476",
			"components":
			[
				0,
				250,
				154
			]
		},
		{
			"colorName": "Medium Turquoise",
			"colorKey": "X11477",
			"components":
			[
				72,
				209,
				204
			]
		},
		{
			"colorName": "Medium Violet Red",
			"colorKey": "X11478",
			"components":
			[
				199,
				21,
				133
			]
		},
		{
			"colorName": "Midnight Blue",
			"colorKey": "X11479",
			"components":
			[
				25,
				25,
				112
			]
		},
		{
			"colorName": "Mint Cream",
			"colorKey": "X11480",
			"components":
			[
				245,
				255,
				250
			]
		},
		{
			"colorName": "Misty Rose",
			"colorKey": "X11481",
			"components":
			[
				255,
				228,
				225
			]
		},
		{
			"colorName": "Misty Rose 1",
			"colorKey": "X11482",
			"components":
			[
				255,
				228,
				225
			]
		},
		{
			"colorName": "Misty Rose 2",
			"colorKey": "X11483",
			"components":
			[
				238,
				213,
				210
			]
		},
		{
			"colorName": "Misty Rose 3",
			"colorKey": "X11484",
			"components":
			[
				205,
				183,
				181
			]
		},
		{
			"colorName": "Misty Rose 4",
			"colorKey": "X11485",
			"components":
			[
				139,
				125,
				123
			]
		},
		{
			"colorName": "Moccasin",
			"colorKey": "X11486",
			"components":
			[
				255,
				228,
				181
			]
		},
		{
			"colorName": "Navajo White",
			"colorKey": "X11487",
			"components":
			[
				255,
				222,
				173
			]
		},
		{
			"colorName": "Navajo White 1",
			"colorKey": "X11488",
			"components":
			[
				255,
				222,
				173
			]
		},
		{
			"colorName": "Navajo White 2",
			"colorKey": "X11489",
			"components":
			[
				238,
				207,
				161
			]
		},
		{
			"colorName": "Navajo White 3",
			"colorKey": "X11490",
			"components":
			[
				205,
				179,
				139
			]
		},
		{
			"colorName": "Navajo White 4",
			"colorKey": "X11491",
			"components":
			[
				139,
				121,
				94
			]
		},
		{
			"colorName": "Navy",
			"colorKey": "X11492",
			"components":
			[
				0,
				0,
				128
			]
		},
		{
			"colorName": "Navy Blue",
			"colorKey": "X11493",
			"components":
			[
				0,
				0,
				128
			]
		},
		{
			"colorName": "Old Lace",
			"colorKey": "X11494",
			"components":
			[
				253,
				245,
				230
			]
		},
		{
			"colorName": "Olive Drab",
			"colorKey": "X11495",
			"components":
			[
				107,
				142,
				35
			]
		},
		{
			"colorName": "Olive Drab 1",
			"colorKey": "X11496",
			"components":
			[
				192,
				255,
				62
			]
		},
		{
			"colorName": "Olive Drab 2",
			"colorKey": "X11497",
			"components":
			[
				179,
				238,
				58
			]
		},
		{
			"colorName": "Olive Drab 3",
			"colorKey": "X11498",
			"components":
			[
				154,
				205,
				50
			]
		},
		{
			"colorName": "Olive Drab 4",
			"colorKey": "X11499",
			"components":
			[
				105,
				139,
				34
			]
		},
		{
			"colorName": "Orange",
			"colorKey": "X11500",
			"components":
			[
				255,
				165,
				0
			]
		},
		{
			"colorName": "Orange 1",
			"colorKey": "X11501",
			"components":
			[
				255,
				165,
				0
			]
		},
		{
			"colorName": "Orange 2",
			"colorKey": "X11502",
			"components":
			[
				238,
				154,
				0
			]
		},
		{
			"colorName": "Orange 3",
			"colorKey": "X11503",
			"components":
			[
				205,
				133,
				0
			]
		},
		{
			"colorName": "Orange 4",
			"colorKey": "X11504",
			"components":
			[
				139,
				90,
				0
			]
		},
		{
			"colorName": "Orange Red",
			"colorKey": "X11505",
			"components":
			[
				255,
				69,
				0
			]
		},
		{
			"colorName": "Orange Red 1",
			"colorKey": "X11506",
			"components":
			[
				255,
				69,
				0
			]
		},
		{
			"colorName": "Orange Red 2",
			"colorKey": "X11507",
			"components":
			[
				238,
				64,
				0
			]
		},
		{
			"colorName": "Orange Red 3",
			"colorKey": "X11508",
			"components":
			[
				205,
				55,
				0
			]
		},
		{
			"colorName": "Orange Red 4",
			"colorKey": "X11509",
			"components":
			[
				139,
				37,
				0
			]
		},
		{
			"colorName": "Orchid",
			"colorKey": "X11510",
			"components":
			[
				218,
				112,
				214
			]
		},
		{
			"colorName": "Orchid 1",
			"colorKey": "X11511",
			"components":
			[
				255,
				131,
				250
			]
		},
		{
			"colorName": "Orchid 2",
			"colorKey": "X11512",
			"components":
			[
				238,
				122,
				233
			]
		},
		{
			"colorName": "Orchid 3",
			"colorKey": "X11513",
			"components":
			[
				205,
				105,
				201
			]
		},
		{
			"colorName": "Orchid 4",
			"colorKey": "X11514",
			"components":
			[
				139,
				71,
				137
			]
		},
		{
			"colorName": "Pale Goldenrod",
			"colorKey": "X11515",
			"components":
			[
				238,
				232,
				170
			]
		},
		{
			"colorName": "Pale Green",
			"colorKey": "X11516",
			"components":
			[
				152,
				251,
				152
			]
		},
		{
			"colorName": "Pale Green 1",
			"colorKey": "X11517",
			"components":
			[
				154,
				255,
				154
			]
		},
		{
			"colorName": "Pale Green 2",
			"colorKey": "X11518",
			"components":
			[
				144,
				238,
				144
			]
		},
		{
			"colorName": "Pale Green 3",
			"colorKey": "X11519",
			"components":
			[
				124,
				205,
				124
			]
		},
		{
			"colorName": "Pale Green 4",
			"colorKey": "X11520",
			"components":
			[
				84,
				139,
				84
			]
		},
		{
			"colorName": "Pale Turquoise",
			"colorKey": "X11521",
			"components":
			[
				175,
				238,
				238
			]
		},
		{
			"colorName": "Pale Turquoise 1",
			"colorKey": "X11522",
			"components":
			[
				187,
				255,
				255
			]
		},
		{
			"colorName": "Pale Turquoise 2",
			"colorKey": "X11523",
			"components":
			[
				174,
				238,
				238
			]
		},
		{
			"colorName": "Pale Turquoise 3",
			"colorKey": "X11524",
			"components":
			[
				150,
				205,
				205
			]
		},
		{
			"colorName": "Pale Turquoise 4",
			"colorKey": "X11525",
			"components":
			[
				102,
				139,
				139
			]
		},
		{
			"colorName": "Pale Violet Red",
			"colorKey": "X11526",
			"components":
			[
				219,
				112,
				147
			]
		},
		{
			"colorName": "Pale Violet Red 1",
			"colorKey": "X11527",
			"components":
			[
				255,
				130,
				171
			]
		},
		{
			"colorName": "Pale Violet Red 2",
			"colorKey": "X11528",
			"components":
			[
				238,
				121,
				159
			]
		},
		{
			"colorName": "Pale Violet Red 3",
			"colorKey": "X11529",
			"components":
			[
				205,
				104,
				137
			]
		},
		{
			"colorName": "Pale Violet Red 4",
			"colorKey": "X11530",
			"components":
			[
				139,
				71,
				93
			]
		},
		{
			"colorName": "Papaya Whip",
			"colorKey": "X11531",
			"components":
			[
				255,
				239,
				213
			]
		},
		{
			"colorName": "Peach Puff",
			"colorKey": "X11532",
			"components":
			[
				255,
				218,
				185
			]
		},
		{
			"colorName": "Peach Puff 1",
			"colorKey": "X11533",
			"components":
			[
				255,
				218,
				185
			]
		},
		{
			"colorName": "Peach Puff 2",
			"colorKey": "X11534",
			"components":
			[
				238,
				203,
				173
			]
		},
		{
			"colorName": "Peach Puff 3",
			"colorKey": "X11535",
			"components":
			[
				205,
				175,
				149
			]
		},
		{
			"colorName": "Peach Puff 4",
			"colorKey": "X11536",
			"components":
			[
				139,
				119,
				101
			]
		},
		{
			"colorName": "Peru",
			"colorKey": "X11537",
			"components":
			[
				205,
				133,
				63
			]
		},
		{
			"colorName": "Pink",
			"colorKey": "X11538",
			"components":
			[
				255,
				192,
				203
			]
		},
		{
			"colorName": "Pink 1",
			"colorKey": "X11539",
			"components":
			[
				255,
				181,
				197
			]
		},
		{
			"colorName": "Pink 2",
			"colorKey": "X11540",
			"components":
			[
				238,
				169,
				184
			]
		},
		{
			"colorName": "Pink 3",
			"colorKey": "X11541",
			"components":
			[
				205,
				145,
				158
			]
		},
		{
			"colorName": "Pink 4",
			"colorKey": "X11542",
			"components":
			[
				139,
				99,
				108
			]
		},
		{
			"colorName": "Plum",
			"colorKey": "X11543",
			"components":
			[
				221,
				160,
				221
			]
		},
		{
			"colorName": "Plum 1",
			"colorKey": "X11544",
			"components":
			[
				255,
				187,
				255
			]
		},
		{
			"colorName": "Plum 2",
			"colorKey": "X11545",
			"components":
			[
				238,
				174,
				238
			]
		},
		{
			"colorName": "Plum 3",
			"colorKey": "X11546",
			"components":
			[
				205,
				150,
				205
			]
		},
		{
			"colorName": "Plum 4",
			"colorKey": "X11547",
			"components":
			[
				139,
				102,
				139
			]
		},
		{
			"colorName": "Powder Blue",
			"colorKey": "X11548",
			"components":
			[
				176,
				224,
				230
			]
		},
		{
			"colorName": "Purple",
			"colorKey": "X11549",
			"components":
			[
				160,
				32,
				240
			]
		},
		{
			"colorName": "Purple 1",
			"colorKey": "X11550",
			"components":
			[
				155,
				48,
				255
			]
		},
		{
			"colorName": "Purple 2",
			"colorKey": "X11551",
			"components":
			[
				145,
				44,
				238
			]
		},
		{
			"colorName": "Purple 3",
			"colorKey": "X11552",
			"components":
			[
				125,
				38,
				205
			]
		},
		{
			"colorName": "Purple 4",
			"colorKey": "X11553",
			"components":
			[
				85,
				26,
				139
			]
		},
		{
			"colorName": "Red",
			"colorKey": "X11554",
			"components":
			[
				255,
				0,
				0
			]
		},
		{
			"colorName": "Red 1",
			"colorKey": "X11555",
			"components":
			[
				255,
				0,
				0
			]
		},
		{
			"colorName": "Red 2",
			"colorKey": "X11556",
			"components":
			[
				238,
				0,
				0
			]
		},
		{
			"colorName": "Red 3",
			"colorKey": "X11557",
			"components":
			[
				205,
				0,
				0
			]
		},
		{
			"colorName": "Red 4",
			"colorKey": "X11558",
			"components":
			[
				139,
				0,
				0
			]
		},
		{
			"colorName": "Rosy Brown",
			"colorKey": "X11559",
			"components":
			[
				188,
				143,
				143
			]
		},
		{
			"colorName": "Rosy Brown 1",
			"colorKey": "X11560",
			"components":
			[
				255,
				193,
				193
			]
		},
		{
			"colorName": "Rosy Brown 2",
			"colorKey": "X11561",
			"components":
			[
				238,
				180,
				180
			]
		},
		{
			"colorName": "Rosy Brown 3",
			"colorKey": "X11562",
			"components":
			[
				205,
				155,
				155
			]
		},
		{
			"colorName": "Rosy Brown 4",
			"colorKey": "X11563",
			"components":
			[
				139,
				105,
				105
			]
		},
		{
			"colorName": "Royal Blue",
			"colorKey": "X11564",
			"components":
			[
				65,
				105,
				225
			]
		},
		{
			"colorName": "Royal Blue 1",
			"colorKey": "X11565",
			"components":
			[
				72,
				118,
				255
			]
		},
		{
			"colorName": "Royal Blue 2",
			"colorKey": "X11566",
			"components":
			[
				67,
				110,
				238
			]
		},
		{
			"colorName": "Royal Blue 3",
			"colorKey": "X11567",
			"components":
			[
				58,
				95,
				205
			]
		},
		{
			"colorName": "Royal Blue 4",
			"colorKey": "X11568",
			"components":
			[
				39,
				64,
				139
			]
		},
		{
			"colorName": "Saddle Brown",
			"colorKey": "X11569",
			"components":
			[
				139,
				69,
				19
			]
		},
		{
			"colorName": "Salmon",
			"colorKey": "X11570",
			"components":
			[
				250,
				128,
				114
			]
		},
		{
			"colorName": "Salmon 1",
			"colorKey": "X11571",
			"components":
			[
				255,
				140,
				105
			]
		},
		{
			"colorName": "Salmon 2",
			"colorKey": "X11572",
			"components":
			[
				238,
				130,
				98
			]
		},
		{
			"colorName": "Salmon 3",
			"colorKey": "X11573",
			"components":
			[
				205,
				112,
				84
			]
		},
		{
			"colorName": "Salmon 4",
			"colorKey": "X11574",
			"components":
			[
				139,
				76,
				57
			]
		},
		{
			"colorName": "Sandy Brown",
			"colorKey": "X11575",
			"components":
			[
				244,
				164,
				96
			]
		},
		{
			"colorName": "Sea Green",
			"colorKey": "X11576",
			"components":
			[
				46,
				139,
				87
			]
		},
		{
			"colorName": "Sea Green 1",
			"colorKey": "X11577",
			"components":
			[
				84,
				255,
				159
			]
		},
		{
			"colorName": "Sea Green 2",
			"colorKey": "X11578",
			"components":
			[
				78,
				238,
				148
			]
		},
		{
			"colorName": "Sea Green 3",
			"colorKey": "X11579",
			"components":
			[
				67,
				205,
				128
			]
		},
		{
			"colorName": "Sea Green 4",
			"colorKey": "X11580",
			"components":
			[
				46,
				139,
				87
			]
		},
		{
			"colorName": "Seashell",
			"colorKey": "X11581",
			"components":
			[
				255,
				245,
				238
			]
		},
		{
			"colorName": "Seashell 1",
			"colorKey": "X11582",
			"components":
			[
				255,
				245,
				238
			]
		},
		{
			"colorName": "Seashell 2",
			"colorKey": "X11583",
			"components":
			[
				238,
				229,
				222
			]
		},
		{
			"colorName": "Seashell 3",
			"colorKey": "X11584",
			"components":
			[
				205,
				197,
				191
			]
		},
		{
			"colorName": "Seashell 4",
			"colorKey": "X11585",
			"components":
			[
				139,
				134,
				130
			]
		},
		{
			"colorName": "Sienna",
			"colorKey": "X11586",
			"components":
			[
				160,
				82,
				45
			]
		},
		{
			"colorName": "Sienna 1",
			"colorKey": "X11587",
			"components":
			[
				255,
				130,
				71
			]
		},
		{
			"colorName": "Sienna 2",
			"colorKey": "X11588",
			"components":
			[
				238,
				121,
				66
			]
		},
		{
			"colorName": "Sienna 3",
			"colorKey": "X11589",
			"components":
			[
				205,
				104,
				57
			]
		},
		{
			"colorName": "Sienna 4",
			"colorKey": "X11590",
			"components":
			[
				139,
				71,
				38
			]
		},
		{
			"colorName": "Sky Blue",
			"colorKey": "X11591",
			"components":
			[
				135,
				206,
				235
			]
		},
		{
			"colorName": "Sky Blue 1",
			"colorKey": "X11592",
			"components":
			[
				135,
				206,
				255
			]
		},
		{
			"colorName": "Sky Blue 2",
			"colorKey": "X11593",
			"components":
			[
				126,
				192,
				238
			]
		},
		{
			"colorName": "Sky Blue 3",
			"colorKey": "X11594",
			"components":
			[
				108,
				166,
				205
			]
		},
		{
			"colorName": "Sky Blue 4",
			"colorKey": "X11595",
			"components":
			[
				74,
				112,
				139
			]
		},
		{
			"colorName": "Slate Blue",
			"colorKey": "X11596",
			"components":
			[
				106,
				90,
				205
			]
		},
		{
			"colorName": "Slate Blue 1",
			"colorKey": "X11597",
			"components":
			[
				131,
				111,
				255
			]
		},
		{
			"colorName": "Slate Blue 2",
			"colorKey": "X11598",
			"components":
			[
				122,
				103,
				238
			]
		},
		{
			"colorName": "Slate Blue 3",
			"colorKey": "X11599",
			"components":
			[
				105,
				89,
				205
			]
		},
		{
			"colorName": "Slate Blue 4",
			"colorKey": "X11600",
			"components":
			[
				71,
				60,
				139
			]
		},
		{
			"colorName": "Slate Gray",
			"colorKey": "X11601",
			"components":
			[
				112,
				128,
				144
			]
		},
		{
			"colorName": "Slate Gray 1",
			"colorKey": "X11602",
			"components":
			[
				198,
				226,
				255
			]
		},
		{
			"colorName": "Slate Gray 2",
			"colorKey": "X11603",
			"components":
			[
				185,
				211,
				238
			]
		},
		{
			"colorName": "Slate Gray 3",
			"colorKey": "X11604",
			"components":
			[
				159,
				182,
				205
			]
		},
		{
			"colorName": "Slate Gray 4",
			"colorKey": "X11605",
			"components":
			[
				108,
				123,
				139
			]
		},
		{
			"colorName": "Snow",
			"colorKey": "X11611",
			"components":
			[
				255,
				250,
				250
			]
		},
		{
			"colorName": "Snow 1",
			"colorKey": "X11612",
			"components":
			[
				255,
				250,
				250
			]
		},
		{
			"colorName": "Snow 2",
			"colorKey": "X11613",
			"components":
			[
				238,
				233,
				233
			]
		},
		{
			"colorName": "Snow 3",
			"colorKey": "X11614",
			"components":
			[
				205,
				201,
				201
			]
		},
		{
			"colorName": "Snow 4",
			"colorKey": "X11615",
			"components":
			[
				139,
				137,
				137
			]
		},
		{
			"colorName": "Spring Green",
			"colorKey": "X11616",
			"components":
			[
				0,
				255,
				127
			]
		},
		{
			"colorName": "Spring Green 1",
			"colorKey": "X11617",
			"components":
			[
				0,
				255,
				127
			]
		},
		{
			"colorName": "Spring Green 2",
			"colorKey": "X11618",
			"components":
			[
				0,
				238,
				118
			]
		},
		{
			"colorName": "Spring Green 3",
			"colorKey": "X11619",
			"components":
			[
				0,
				205,
				102
			]
		},
		{
			"colorName": "Spring Green 4",
			"colorKey": "X11620",
			"components":
			[
				0,
				139,
				69
			]
		},
		{
			"colorName": "Steel Blue",
			"colorKey": "X11621",
			"components":
			[
				70,
				130,
				180
			]
		},
		{
			"colorName": "Steel Blue 1",
			"colorKey": "X11622",
			"components":
			[
				99,
				184,
				255
			]
		},
		{
			"colorName": "Steel Blue 2",
			"colorKey": "X11623",
			"components":
			[
				92,
				172,
				238
			]
		},
		{
			"colorName": "Steel Blue 3",
			"colorKey": "X11624",
			"components":
			[
				79,
				148,
				205
			]
		},
		{
			"colorName": "Steel Blue 4",
			"colorKey": "X11625",
			"components":
			[
				54,
				100,
				139
			]
		},
		{
			"colorName": "Tan",
			"colorKey": "X11626",
			"components":
			[
				210,
				180,
				140
			]
		},
		{
			"colorName": "Tan 1",
			"colorKey": "X11627",
			"components":
			[
				255,
				165,
				79
			]
		},
		{
			"colorName": "Tan 2",
			"colorKey": "X11628",
			"components":
			[
				238,
				154,
				73
			]
		},
		{
			"colorName": "Tan 3",
			"colorKey": "X11629",
			"components":
			[
				205,
				133,
				63
			]
		},
		{
			"colorName": "Tan 4",
			"colorKey": "X11630",
			"components":
			[
				139,
				90,
				43
			]
		},
		{
			"colorName": "Thistle",
			"colorKey": "X11631",
			"components":
			[
				216,
				191,
				216
			]
		},
		{
			"colorName": "Thistle 1",
			"colorKey": "X11632",
			"components":
			[
				255,
				225,
				255
			]
		},
		{
			"colorName": "Thistle 2",
			"colorKey": "X11633",
			"components":
			[
				238,
				210,
				238
			]
		},
		{
			"colorName": "Thistle 3",
			"colorKey": "X11634",
			"components":
			[
				205,
				181,
				205
			]
		},
		{
			"colorName": "Thistle 4",
			"colorKey": "X11635",
			"components":
			[
				139,
				123,
				139
			]
		},
		{
			"colorName": "Tomato",
			"colorKey": "X11636",
			"components":
			[
				255,
				99,
				71
			]
		},
		{
			"colorName": "Tomato 1",
			"colorKey": "X11637",
			"components":
			[
				255,
				99,
				71
			]
		},
		{
			"colorName": "Tomato 2",
			"colorKey": "X11638",
			"components":
			[
				238,
				92,
				66
			]
		},
		{
			"colorName": "Tomato 3",
			"colorKey": "X11639",
			"components":
			[
				205,
				79,
				57
			]
		},
		{
			"colorName": "Tomato 4",
			"colorKey": "X11640",
			"components":
			[
				139,
				54,
				38
			]
		},
		{
			"colorName": "Turquoise",
			"colorKey": "X11641",
			"components":
			[
				64,
				224,
				208
			]
		},
		{
			"colorName": "Turquoise 1",
			"colorKey": "X11642",
			"components":
			[
				0,
				245,
				255
			]
		},
		{
			"colorName": "Turquoise 2",
			"colorKey": "X11643",
			"components":
			[
				0,
				229,
				238
			]
		},
		{
			"colorName": "Turquoise 3",
			"colorKey": "X11644",
			"components":
			[
				0,
				197,
				205
			]
		},
		{
			"colorName": "Turquoise 4",
			"colorKey": "X11645",
			"components":
			[
				0,
				134,
				139
			]
		},
		{
			"colorName": "Violet",
			"colorKey": "X11646",
			"components":
			[
				238,
				130,
				238
			]
		},
		{
			"colorName": "Violet Red",
			"colorKey": "X11647",
			"components":
			[
				208,
				32,
				144
			]
		},
		{
			"colorName": "Violet Red 1",
			"colorKey": "X11648",
			"components":
			[
				255,
				62,
				150
			]
		},
		{
			"colorName": "Violet Red 2",
			"colorKey": "X11649",
			"components":
			[
				238,
				58,
				140
			]
		},
		{
			"colorName": "Violet Red 3",
			"colorKey": "X11650",
			"components":
			[
				205,
				50,
				120
			]
		},
		{
			"colorName": "Violet Red 4",
			"colorKey": "X11651",
			"components":
			[
				139,
				34,
				82
			]
		},
		{
			"colorName": "Wheat",
			"colorKey": "X11652",
			"components":
			[
				245,
				222,
				179
			]
		},
		{
			"colorName": "Wheat 1",
			"colorKey": "X11653",
			"components":
			[
				255,
				231,
				186
			]
		},
		{
			"colorName": "Wheat 2",
			"colorKey": "X11654",
			"components":
			[
				238,
				216,
				174
			]
		},
		{
			"colorName": "Wheat 3",
			"colorKey": "X11655",
			"components":
			[
				205,
				186,
				150
			]
		},
		{
			"colorName": "Wheat 4",
			"colorKey": "X11656",
			"components":
			[
				139,
				126,
				102
			]
		},
		{
			"colorName": "White",
			"colorKey": "X11657",
			"components":
			[
				255,
				255,
				255
			]
		},
		{
			"colorName": "White Smoke",
			"colorKey": "X11658",
			"components":
			[
				245,
				245,
				245
			]
		},
		{
			"colorName": "Yellow",
			"colorKey": "X11659",
			"components":
			[
				255,
				255,
				0
			]
		},
		{
			"colorName": "Yellow 1",
			"colorKey": "X11660",
			"components":
			[
				255,
				255,
				0
			]
		},
		{
			"colorName": "Yellow 2",
			"colorKey": "X11661",
			"components":
			[
				238,
				238,
				0
			]
		},
		{
			"colorName": "Yellow 3",
			"colorKey": "X11662",
			"components":
			[
				205,
				205,
				0
			]
		},
		{
			"colorName": "Yellow 4",
			"colorKey": "X11663",
			"components":
			[
				139,
				139,
				0
			]
		},
		{
			"colorName": "Yellow Green",
			"colorKey": "X11664",
			"components":
			[
				154,
				205,
				50
			]
		}
	]
}